day,Komkommer,Courgette,SnoepVegetable tomaat,Paprika Mix,Paprika,Geschrapte worteltjes,Basis Sperziebonen,Basis Rode kool met appel,Basis worteltjes fijn,Basis erwten zeer fijn,Basis sperziebonen,Biologische courgette,Biologische Bloemkool,Biologische knoflook,Biologische pompoen,Biologische kikkererwten,Biologische prei,Biologische rode kool,Biologische cherry tomaten,Biologische brocolli,Boerenkool gesneden,Spruiten,Witlof,Rucola,Nasi bami Vegetable,Snijbonen,Buitenbeentjes puntpaprika,Basis Maiskorrels,Wortelen,Pompoen stukjes,Verse zuurkool,Buitenbeentjes komkommer,Buitenbeentjes paprika,SnoepVegetable worteltjes,WokVegetable thais,Mandarijenen,Bananen,Chiquita bananen,Pitloze witte druiven,Zoete kleine appeltjes,Pink lady appels,Pitloze rode druiven,Elstar,Conference,Biologische banane,Citroenen,Mango,Blauwe bessen,Aardbeien,Jonagold,Mandarijnen groot,Mango eetrijp,Buitenbeetjes appels,Limoenen,Granny smith,Grapefruit rood,Kanzi appelen,Basis annanasstukjes,Biologisch wilde bosbes,Biologische rozijnen,Biologische santana appelen,Pitloze druivenmix,Biologische sinaasappelen,Aardbeien ontkroond,Rundergehakt,Gerookte spekreepjes,Spekreepjes,Mini gourmet hamburgers,Unox Gelderse rookworst,Half om half gehakt,Slavinken,Mini biefstukjes,Rundersoepballetjes,Hamburgers,Mini gourmet kipsatespiesjes,Unox Magere rookworst,Biologische spekreepjes,Sappige gelders rookworst,Biologisch rundergehakt,Varkensbraadworst,Runder riblap Iers,rundergehakt,gerookt onbijtspek,rundervinken,half of half gehakt,Gekruide runderchipolata,Mini gourmet slavink,Mini gourmet varkenshaas,Zigeuner gehaktschnitzel,Veluwse rookworst fijn,Runderbraadworst,Spekblokjes,biologische Hamburger,Mager rundergehakt,Biologische gerookte ontbijtspek,Biefstuk,Biologische runderchipolata,Biologische rundersoepballetjes,Kipblokjes,Kipfilet naturel,Krokante Kipfiletschnitzel,Kipfilet,Zaans volkoren heel,Tijger bruin heel,Zaans volkoren half,meergranen volkoren half,Walkdorn heel,Zaans bruin heel,Tijger volkoren half,Tijger volkoren heel,Mais half,Tijger bruin half,Volkoren heel,Meergranen volkoren heel,Tijger wit half,Vloerbrood meergranen,Vloerbrood volkoren ,Casino wit half,Tijger wit heel,Bruin heel,Zaanse sijnder bruin half,Boerenvolkoren sesam heel,Steiv spelt gesneden,Krenten- en rozijnenbrood half,Zaans volkoren ,Atkins laag koolhydraat volkoren brood half,Bolletje Fries roggebrood,Kaneelbroodjes,Biologisch Vloerbrood meerzaden heel,Basic meergranen heel,Basic wit heel,Basic casino half,Basic volkoren heel,Biologisch volkoren heel,Biologisch bruin heel,Glutenvrij bruin,Muesli-notenbrood,Basic roggebrood,Melkbroodjes,Krenten rozijnenwegge,Amandelkrans,Roomboter chocolade brood,Chinois brioche,Vanille muffins (vers),Basic chocolate chip cookies,Oreo,Bakkersspeculaas,Eierkoeken,Ribbelchips naturel,Ribbelchips paprika,Doritos sweet chili
0,23,8,24,22,34,35,29,23,25,20,19,13,6,13,13,10,3,7,5,7,31,24,24,18,34,48,17,7,23,19,33,26,27,28,24,29,25,23,27,24,26,16,16,26,10,20,23,36,26,17,29,14,23,22,26,24,19,118,5,11,12,17,9,23,27,16,15,10,27,7,16,15,9,14,20,19,4,10,11,13,13,12,15,13,12,12,14,13,9,10,12,8,2,10,5,17,5,3,10,7,13,11,14,16,11,15,11,12,10,11,20,20,18,19,11,16,23,15,15,11,19,9,18,19,20,8,14,16,18,24,25,33,26,23,13,13,16,19,10,16,15,19,23,127,45,112,38,117,35,33,102
3,14,8,23,27,33,22,25,15,30,28,16,11,10,19,16,9,7,7,10,7,36,28,21,23,27,48,18,7,32,28,29,27,24,22,33,29,18,25,19,20,24,27,19,14,21,27,19,32,24,29,29,18,24,26,15,25,16,113,15,13,7,21,13,18,24,8,9,19,27,7,16,9,12,18,20,12,4,15,6,13,15,19,18,6,15,9,14,9,7,12,17,12,6,11,2,15,5,4,16,7,15,15,21,18,21,15,26,20,19,20,12,10,19,12,17,18,23,14,9,22,19,23,18,14,18,18,13,21,43,35,29,23,29,41,57,13,11,38,17,12,12,19,23,107,26,95,36,94,27,36,96
7,22,22,27,56,24,25,17,16,28,24,22,14,13,17,11,15,12,12,10,10,30,23,27,24,27,29,25,19,27,27,22,35,23,13,30,12,21,18,17,12,24,9,22,16,12,19,18,30,18,17,29,21,20,13,13,26,21,118,14,10,19,19,12,18,21,11,19,11,34,4,12,9,11,5,16,17,6,10,1,12,17,13,11,9,9,14,12,13,15,14,16,21,4,12,4,6,2,4,14,11,14,15,19,15,16,12,17,20,22,21,21,24,7,17,21,13,19,26,26,20,14,19,8,19,13,25,18,22,52,32,35,32,42,46,33,13,28,29,27,24,31,19,11,83,21,112,32,85,36,63,113
10,25,29,22,39,40,28,13,22,33,22,31,12,14,21,17,17,10,9,29,13,42,38,21,42,27,27,27,17,28,28,36,24,33,32,29,12,19,13,18,26,30,22,37,16,16,29,20,37,29,16,29,13,20,27,29,25,22,139,20,18,15,22,19,24,31,20,15,15,34,4,8,14,12,9,21,28,6,9,8,6,6,17,20,14,13,8,11,10,16,16,14,13,10,13,6,14,1,6,12,11,14,16,20,17,26,27,21,19,18,17,22,13,4,8,22,18,15,27,23,17,19,22,21,21,18,9,21,25,47,32,21,24,31,39,48,12,21,39,14,12,21,19,19,117,34,104,19,88,21,44,115
14,22,21,44,26,19,29,23,19,19,26,21,11,15,13,19,12,20,20,16,16,41,33,24,17,34,22,21,17,23,24,24,27,24,29,26,29,23,13,18,33,19,28,26,8,14,19,21,36,15,23,25,22,22,17,23,23,15,94,13,14,17,26,17,11,29,8,8,14,34,11,20,7,9,9,21,19,4,19,8,9,12,18,15,18,9,6,17,12,11,11,16,15,4,13,3,16,3,1,9,15,7,12,18,16,28,15,38,24,16,21,25,23,14,20,13,26,20,11,20,19,16,25,25,17,16,11,14,11,43,33,29,40,42,51,41,23,19,31,23,16,14,19,20,95,33,89,30,101,42,41,98
17,33,37,38,26,14,25,21,24,26,31,27,24,12,12,30,17,15,17,16,17,39,29,28,28,31,26,31,28,34,25,32,30,23,24,31,29,18,13,20,19,21,14,18,21,26,26,17,46,24,23,33,14,12,5,17,27,21,132,16,18,22,30,17,16,25,13,17,19,32,15,18,11,15,11,17,19,4,10,11,12,12,14,16,15,13,13,12,17,9,14,9,15,6,13,4,16,6,9,8,13,7,14,26,21,18,20,29,12,29,24,17,28,15,17,4,20,14,5,23,19,20,21,16,25,30,17,17,19,53,42,22,29,32,58,51,30,19,37,17,15,22,12,19,85,36,82,27,106,35,21,103
21,21,22,31,14,28,24,19,24,36,17,18,8,33,19,13,10,37,32,14,34,29,46,25,27,18,15,37,15,56,17,23,25,31,41,23,29,39,26,24,19,34,17,19,21,10,15,19,50,17,18,25,20,17,25,18,17,21,96,13,7,12,18,20,24,30,17,13,12,35,15,13,11,15,17,13,19,1,13,9,17,13,16,11,18,14,20,14,14,14,15,17,13,3,9,2,14,7,6,12,16,15,12,18,22,20,23,17,21,19,23,21,13,29,20,20,24,19,19,23,33,18,18,20,25,21,24,26,21,38,40,24,40,18,33,46,14,12,40,23,26,12,24,18,91,30,94,33,144,32,41,84
24,18,26,27,37,27,30,15,18,44,27,25,23,26,22,20,15,18,18,12,19,24,45,26,29,30,25,33,22,64,32,29,33,24,20,21,29,37,27,30,22,50,26,19,23,12,5,16,45,17,25,33,28,23,22,25,16,18,137,23,13,11,35,33,13,29,17,14,22,35,15,8,15,22,18,14,19,6,10,11,16,13,14,4,9,23,12,14,16,12,18,20,17,4,18,5,23,6,3,12,10,18,8,20,18,18,19,16,30,17,17,17,20,20,17,14,11,16,23,22,27,17,32,13,21,20,19,21,15,45,22,7,34,32,55,46,22,16,29,21,18,33,15,22,109,32,86,34,144,38,32,95
28,40,10,27,24,25,26,29,54,27,28,29,26,21,24,36,11,35,36,39,34,30,19,28,26,25,22,16,27,18,27,17,24,27,20,30,29,20,21,19,12,12,14,17,16,7,23,27,33,29,17,23,14,21,13,15,18,18,91,14,9,11,19,11,13,19,10,14,13,28,18,12,16,12,18,23,15,2,11,12,12,21,7,8,11,14,12,13,26,16,8,11,12,1,16,5,11,5,6,14,12,9,17,24,31,19,15,16,13,20,11,22,18,13,17,15,29,25,14,16,12,20,20,20,16,16,21,15,27,55,33,22,45,41,32,46,17,12,51,21,14,11,19,22,118,49,104,38,116,31,39,106
31,22,20,37,25,29,22,20,26,19,21,19,9,15,11,20,9,4,15,13,12,37,27,30,25,34,24,27,22,25,21,25,23,20,28,40,17,21,32,21,17,22,23,14,24,17,27,19,37,31,22,35,23,22,24,22,25,19,98,17,10,13,22,9,14,28,16,6,15,40,10,7,18,13,26,21,20,6,18,14,15,11,12,11,17,19,16,15,22,8,14,14,9,3,16,6,20,7,6,19,16,11,9,16,22,23,14,29,18,16,29,26,20,18,17,19,17,14,14,17,20,21,17,17,25,16,17,16,11,49,31,25,36,27,53,41,5,20,22,21,17,23,17,21,93,40,74,15,82,23,26,102
35,53,31,21,21,26,34,39,41,43,30,34,44,19,41,34,44,47,36,39,47,30,61,29,53,32,24,40,46,24,49,31,28,40,42,23,25,14,18,20,23,26,19,18,7,14,23,52,30,20,16,24,21,25,23,19,24,15,108,21,31,18,11,12,18,21,8,15,15,34,12,17,11,16,13,13,19,2,14,8,7,13,25,12,16,14,18,10,20,10,15,10,16,5,29,3,21,5,7,11,17,10,19,25,19,22,33,21,17,29,24,22,20,20,21,29,14,19,32,14,24,18,19,24,15,24,27,16,27,57,29,39,28,45,53,41,18,31,52,15,23,26,22,17,115,50,124,30,112,35,32,105
38,31,26,35,36,28,35,24,18,55,27,27,19,9,15,11,16,14,10,14,33,43,59,36,64,36,27,34,25,28,24,29,32,61,36,40,39,34,21,31,24,35,27,27,22,26,22,35,69,24,24,34,18,20,36,22,36,23,138,21,31,26,20,23,30,42,18,15,18,34,15,17,20,22,25,17,20,7,19,6,16,23,7,16,18,17,24,6,19,21,12,21,16,6,22,6,23,7,7,14,18,20,19,26,19,18,20,18,24,21,20,18,18,21,30,17,19,27,18,17,15,18,23,16,27,23,23,11,21,57,28,34,14,34,47,57,21,21,24,25,17,19,24,25,116,18,114,30,115,29,28,116
42,37,52,16,20,10,22,40,52,20,37,35,34,47,34,50,28,39,32,34,11,49,18,38,28,24,49,36,46,35,51,24,17,19,38,21,16,22,23,24,19,10,19,17,17,17,17,18,39,19,12,25,10,30,11,20,16,16,98,11,12,22,19,8,18,32,16,17,8,34,9,16,12,10,14,17,6,3,18,5,15,13,8,13,12,18,14,12,13,14,12,15,9,4,13,4,16,2,5,16,15,9,21,15,19,22,17,20,19,15,12,22,20,15,17,34,16,14,19,29,21,19,26,23,15,12,17,8,8,57,44,36,30,42,44,24,16,17,42,15,29,9,14,16,113,40,113,43,114,43,41,113
45,21,41,25,33,22,22,23,30,17,17,18,11,9,8,13,13,19,7,17,10,57,16,31,27,33,42,28,27,30,27,24,23,29,19,19,27,23,29,16,26,21,20,9,24,28,16,23,40,11,19,27,29,18,30,22,26,21,92,20,21,24,31,18,28,14,15,20,13,32,15,13,17,17,15,17,4,5,14,7,16,16,11,13,17,20,8,13,15,18,9,11,12,4,14,9,22,4,5,15,17,13,32,20,17,21,21,17,21,20,18,19,19,23,16,28,16,15,29,32,17,18,22,20,22,20,24,17,8,52,29,30,27,30,42,53,14,15,26,18,19,20,14,17,103,22,93,45,94,29,19,82
49,56,39,16,30,29,44,41,39,21,28,44,44,42,46,46,35,32,44,33,66,15,37,66,20,34,38,45,41,25,51,43,48,30,54,43,37,19,21,23,27,19,22,17,21,29,18,20,45,32,15,26,35,41,16,46,21,26,147,35,27,32,16,29,17,19,25,12,13,30,14,19,15,18,18,17,19,6,18,11,18,16,8,12,18,19,19,13,16,13,14,16,13,5,18,5,18,5,7,23,19,11,15,23,13,24,12,23,22,23,23,23,25,23,15,20,32,24,14,15,23,24,24,18,24,26,30,24,18,45,37,32,35,35,62,59,29,19,49,17,27,29,26,25,112,38,131,51,106,33,31,117
52,28,42,25,29,27,27,15,25,28,25,20,11,12,19,22,10,11,9,16,16,15,27,49,26,28,30,19,27,33,25,27,27,29,25,24,21,22,23,20,22,18,20,18,13,22,24,14,42,32,18,29,26,41,17,40,25,32,119,22,23,17,18,25,24,19,16,18,13,32,11,13,13,15,7,16,19,5,9,13,10,9,21,24,13,15,7,11,19,21,14,15,16,5,15,3,19,3,6,11,15,14,12,20,20,20,16,22,18,14,22,21,17,18,16,14,23,17,20,22,15,16,18,20,19,18,22,13,16,45,15,32,24,31,23,40,22,15,31,4,15,18,14,12,111,36,81,44,107,40,39,82
56,40,15,38,41,34,44,43,46,44,21,47,44,37,30,28,37,43,43,33,32,31,28,24,43,30,25,54,46,36,44,45,47,41,55,51,27,23,10,21,25,26,15,30,33,23,23,13,35,20,23,25,35,27,15,28,19,35,109,22,22,29,25,18,35,32,16,14,15,37,14,23,14,14,13,22,19,4,10,10,11,17,19,21,18,14,14,23,27,19,9,9,20,6,13,4,18,4,6,20,16,13,12,17,13,18,17,30,21,23,19,13,23,24,25,13,14,18,29,15,22,17,27,26,26,13,9,18,16,50,29,36,44,47,46,39,16,17,29,12,27,25,16,18,89,45,172,46,157,38,45,64
59,34,35,35,46,43,23,26,19,35,21,24,47,15,19,18,21,11,15,17,21,34,36,38,18,32,25,35,26,30,32,36,25,35,26,35,32,21,33,22,22,26,30,27,20,25,24,36,40,19,20,26,24,23,25,41,27,24,127,24,27,23,35,28,27,26,15,18,14,34,8,12,18,17,17,19,19,7,16,10,16,6,16,16,18,18,19,23,19,15,12,17,14,5,9,8,17,6,6,10,24,12,11,31,24,19,18,21,11,16,18,27,18,16,16,28,18,12,19,23,22,19,26,11,15,4,9,16,23,48,31,34,28,26,52,52,22,20,39,16,16,20,21,13,85,34,158,40,122,35,30,69
63,41,25,40,21,35,46,40,52,23,41,37,10,39,12,38,27,39,38,33,31,29,24,24,51,24,36,35,42,22,60,34,44,17,43,41,21,11,15,21,13,26,19,29,27,22,14,27,55,16,29,26,27,17,22,31,30,29,98,23,22,24,26,23,26,32,11,13,13,27,16,14,15,15,15,16,10,3,37,16,19,6,13,22,13,16,13,11,13,15,16,13,15,9,15,3,15,4,5,11,18,14,10,18,14,23,20,19,27,31,19,21,33,19,18,12,16,29,24,19,17,20,17,15,18,8,12,22,11,45,25,40,42,32,48,30,21,12,44,18,15,20,21,25,100,33,115,36,101,43,30,179
66,33,32,40,27,27,28,29,17,32,27,24,21,17,19,15,16,19,13,11,19,36,29,30,38,35,26,30,35,36,67,30,55,26,27,32,30,30,31,27,32,38,31,26,23,22,26,32,57,33,23,17,27,21,25,22,25,31,120,26,29,32,31,25,27,26,13,18,17,40,16,18,15,18,18,21,12,6,26,17,11,10,9,11,23,16,15,7,13,11,8,18,21,4,16,3,14,6,8,13,12,24,14,16,24,30,24,20,22,17,24,30,24,30,22,25,24,25,28,24,24,19,22,19,31,8,25,23,24,70,34,26,38,8,51,64,20,31,33,31,31,20,18,16,93,29,94,25,80,27,47,146
70,40,36,37,30,36,49,38,54,25,46,42,40,31,27,38,34,34,38,39,34,30,27,41,36,38,37,50,34,35,30,54,34,29,48,53,14,28,34,22,25,20,32,30,33,23,44,17,24,22,43,21,15,49,27,35,17,28,137,28,21,23,23,30,40,31,18,16,16,30,17,17,20,14,22,22,35,4,21,10,20,12,18,19,14,15,18,17,16,13,12,19,21,7,11,11,19,7,5,17,15,19,7,23,21,15,17,20,24,18,25,22,19,22,16,23,23,19,23,19,19,16,21,22,27,12,15,11,21,30,40,45,31,25,35,43,23,13,35,20,21,20,22,20,125,43,124,47,100,63,38,172
73,28,31,31,28,37,33,25,19,18,24,40,12,14,30,16,13,14,18,23,19,42,17,30,26,51,29,31,32,30,26,53,33,33,29,46,24,31,48,25,26,22,28,25,22,12,63,30,47,26,22,44,24,32,28,30,28,28,123,18,24,23,22,21,41,31,23,20,23,44,18,19,15,16,16,20,27,7,15,14,20,21,16,18,17,22,17,16,16,8,14,18,16,5,18,7,20,4,7,19,23,8,20,23,25,25,24,20,16,19,22,18,21,20,27,25,23,16,16,22,26,27,29,19,21,24,25,24,15,41,15,23,34,27,51,44,18,21,33,8,19,20,20,20,105,23,106,22,83,50,23,140
77,39,28,40,32,21,30,27,52,19,41,24,42,37,19,37,38,38,37,28,33,38,20,38,40,28,44,34,38,35,29,68,28,27,43,26,25,16,26,34,16,28,23,29,29,26,20,23,49,21,30,15,43,24,30,25,19,32,137,28,25,24,23,23,20,34,36,15,14,34,12,15,10,30,19,22,14,4,12,6,12,13,18,17,16,15,12,20,7,22,15,19,11,5,15,5,15,6,4,15,11,14,15,19,11,18,21,20,23,15,18,22,13,15,28,15,12,22,22,18,18,19,22,23,16,15,17,12,17,50,25,42,40,38,41,41,21,21,36,27,17,20,19,11,150,44,121,51,132,35,53,109
80,29,30,35,31,29,29,20,41,17,25,18,13,14,20,11,22,18,9,15,9,19,32,27,36,34,29,27,22,24,39,63,16,37,27,33,29,21,33,37,27,31,26,29,26,26,29,23,42,23,19,31,39,29,16,26,25,27,152,26,20,15,24,26,27,30,30,17,23,27,24,16,14,23,12,18,11,4,9,13,10,9,16,13,10,19,14,14,13,15,17,14,5,5,15,1,10,4,9,37,20,12,13,21,19,13,17,21,9,24,18,14,17,13,23,16,19,19,23,17,25,15,19,11,19,19,17,8,15,39,28,28,32,33,49,44,28,11,34,19,15,20,23,26,98,35,98,36,88,31,36,88
84,49,20,40,36,30,43,43,33,38,47,47,41,38,35,48,22,36,41,39,45,38,38,48,33,34,39,67,50,50,25,34,41,35,46,40,24,18,19,17,25,24,20,25,29,28,26,20,66,23,28,19,16,19,27,30,22,34,144,24,31,14,26,25,28,26,19,14,13,34,18,17,7,8,38,18,12,6,15,8,15,14,17,14,29,15,30,14,21,12,17,17,10,2,15,2,10,4,4,20,18,14,18,26,12,35,23,21,36,18,14,24,27,25,20,19,21,17,22,24,17,24,19,24,19,23,28,18,18,65,59,27,23,64,57,53,14,23,34,18,21,20,19,18,91,39,90,48,214,33,45,92
87,42,33,38,59,29,32,18,28,28,26,22,17,16,10,14,14,17,15,15,17,30,20,33,41,34,28,60,25,29,30,33,33,28,32,23,23,30,26,24,27,34,32,35,16,22,27,22,65,24,24,31,21,29,23,19,27,22,125,18,23,26,22,26,20,21,19,16,11,27,6,17,16,17,23,22,10,4,9,13,17,10,12,17,22,16,26,11,14,12,15,11,14,8,18,4,16,6,6,18,15,14,10,21,4,14,19,18,21,25,22,15,23,14,14,20,20,21,19,19,20,17,24,15,13,21,17,12,19,37,39,7,37,39,33,31,16,24,30,22,22,20,16,14,76,34,86,30,198,39,30,98
91,24,35,36,32,34,48,42,55,36,36,42,36,33,38,34,25,36,41,31,33,16,38,37,31,35,44,22,48,42,37,39,37,24,46,36,11,18,18,27,26,20,24,25,34,29,26,27,44,31,25,26,14,26,21,24,18,36,164,24,21,25,18,25,35,24,8,14,18,14,21,22,15,15,12,19,14,5,9,11,13,17,16,21,11,16,15,13,11,18,12,15,11,4,20,4,16,5,6,13,16,20,19,24,13,16,27,23,15,21,16,19,19,27,18,21,19,16,24,44,13,13,28,23,27,16,27,22,21,41,47,26,46,35,49,44,22,16,54,14,19,20,14,25,112,54,116,35,137,44,54,125
94,25,28,32,40,29,57,14,38,23,13,17,15,13,11,13,6,8,8,20,15,32,28,24,32,28,27,36,16,32,31,25,31,35,36,41,24,21,15,30,24,24,23,31,27,25,28,23,41,43,29,26,20,31,19,32,20,21,115,27,21,31,41,22,28,30,16,18,11,14,11,16,12,16,11,19,18,5,13,17,17,15,18,21,21,23,14,12,19,14,13,18,15,0,13,5,17,5,6,9,22,14,8,17,17,20,27,23,17,17,18,26,20,13,18,21,25,15,15,31,21,25,29,19,26,18,20,17,17,52,32,16,27,27,47,54,24,14,20,21,17,20,15,20,101,21,91,24,114,38,28,80
98,50,47,44,27,26,25,50,30,42,55,45,39,33,37,43,41,41,39,31,36,31,29,45,37,23,41,31,51,33,41,32,38,26,35,32,21,22,5,22,23,25,9,23,18,19,25,23,43,13,29,29,15,19,20,23,16,36,162,33,27,20,22,27,26,28,15,18,16,31,17,22,16,20,18,22,8,5,14,8,32,14,10,21,16,11,16,17,17,14,12,17,34,7,20,5,17,7,5,23,13,14,15,17,15,24,13,21,21,18,19,18,15,17,23,25,19,21,22,14,20,15,19,35,20,23,14,15,21,48,27,41,46,38,36,43,24,22,56,22,23,19,20,15,153,37,129,43,117,53,40,105
101,57,49,42,22,36,32,23,18,40,25,29,21,11,11,10,20,23,15,11,11,41,32,31,31,40,25,25,35,26,44,28,23,28,35,31,24,16,5,29,22,35,29,30,30,29,25,23,60,28,24,28,23,26,38,32,28,28,140,26,30,22,25,25,31,33,9,16,19,35,16,8,12,17,18,20,11,5,15,20,31,14,20,24,16,19,9,17,12,14,13,17,32,8,13,5,19,3,5,15,15,13,13,25,24,29,17,23,24,19,31,9,23,4,24,14,21,19,39,14,14,21,21,27,27,14,23,24,15,44,41,27,30,22,59,51,23,17,26,18,24,21,24,27,153,35,117,47,91,28,33,136
105,21,19,31,52,57,24,40,63,23,43,38,35,44,39,45,30,29,40,39,42,21,24,36,37,21,42,48,33,46,40,23,48,29,39,33,17,18,24,34,24,17,22,26,26,25,23,23,34,15,29,24,19,20,19,13,16,30,149,18,22,22,25,27,24,24,17,18,13,18,20,11,19,14,8,18,11,5,14,7,14,14,15,14,16,18,18,14,7,14,15,18,14,4,13,4,19,11,5,15,17,8,16,16,23,14,16,14,29,19,18,14,18,13,15,20,18,21,14,26,29,18,25,14,14,21,21,15,13,49,38,45,39,22,37,38,24,19,34,25,18,20,20,13,121,34,108,30,133,39,48,130
108,30,30,37,51,64,34,36,22,28,31,17,13,13,6,10,8,7,10,14,21,34,25,30,25,29,32,71,22,33,37,27,36,38,32,30,24,33,24,35,37,22,32,35,31,33,22,23,66,32,63,37,39,41,38,27,40,34,133,26,20,36,31,25,35,28,19,15,22,29,28,4,6,20,22,27,23,8,18,11,21,24,17,4,11,19,18,14,16,13,15,16,13,7,20,5,17,3,8,15,22,8,15,26,21,21,25,23,30,29,19,19,21,18,24,18,12,22,25,13,21,16,22,22,21,26,19,20,23,48,25,34,29,22,51,48,14,19,31,23,24,20,13,24,109,33,100,36,103,33,34,118
112,19,50,40,32,20,32,33,52,32,41,46,41,34,46,42,38,49,43,35,35,24,51,42,50,30,42,22,55,74,30,33,36,20,43,56,22,28,24,23,17,21,24,23,30,44,28,18,45,21,17,17,24,31,55,29,26,21,184,32,22,40,24,31,29,29,13,11,9,43,17,11,29,32,11,13,12,2,14,15,24,12,8,16,21,22,15,12,18,15,15,13,14,3,15,6,19,4,4,15,11,15,20,32,18,19,17,23,17,23,18,24,24,21,18,18,17,16,22,29,20,30,20,21,19,19,23,14,29,55,47,58,35,27,55,42,26,12,42,17,14,16,20,18,105,27,143,68,106,60,26,109
115,31,33,32,31,30,16,22,25,18,25,16,20,16,16,17,11,19,35,6,17,29,31,31,37,28,32,43,26,63,30,35,39,33,36,59,18,32,24,33,31,36,27,30,26,22,21,19,59,32,31,19,30,33,25,28,32,32,133,19,15,28,26,21,25,28,13,21,11,33,22,21,20,22,17,21,19,8,12,13,10,12,17,17,14,20,15,16,18,14,18,14,19,5,25,8,14,7,7,15,19,17,16,33,21,30,23,25,22,20,23,24,20,18,26,29,17,16,22,20,18,19,22,14,27,23,28,23,17,55,36,51,29,23,51,54,21,12,32,20,19,24,24,17,107,26,105,45,110,43,21,93
119,28,35,42,24,32,52,33,41,43,41,46,31,12,31,37,36,28,13,13,32,42,36,41,30,39,37,34,37,30,27,23,40,28,37,26,24,17,22,38,17,22,23,27,20,20,13,14,39,20,18,13,32,24,15,30,20,27,146,16,34,21,20,18,41,27,17,23,17,22,17,16,12,13,11,20,17,5,14,8,10,10,15,14,12,16,9,14,16,13,14,16,6,0,11,2,9,6,5,8,16,17,11,17,7,19,12,12,18,14,29,16,14,22,12,13,22,16,24,27,14,19,19,16,13,14,18,13,12,26,44,27,46,48,41,37,21,12,48,18,19,20,18,27,85,45,88,43,76,45,32,228
122,22,41,36,20,30,28,18,14,29,12,29,15,26,21,13,11,9,12,7,15,33,34,31,25,38,25,25,29,35,29,27,27,26,20,30,26,24,17,46,21,21,21,25,25,11,19,29,37,17,14,16,26,23,15,20,18,26,107,8,34,19,25,26,42,31,18,22,11,33,10,11,18,12,12,20,19,7,16,8,17,17,18,11,14,13,9,13,11,10,6,15,6,3,13,7,9,6,9,15,17,15,11,17,20,12,23,26,16,13,25,12,16,14,20,27,12,18,15,12,20,19,17,18,9,21,16,15,21,44,20,25,33,21,35,42,12,17,23,19,18,20,13,15,55,23,64,31,47,25,26,160
126,26,31,32,24,21,36,45,57,22,56,36,39,7,29,40,39,15,60,34,37,42,34,37,57,21,41,33,43,24,35,27,33,56,55,32,33,17,19,26,21,17,31,26,25,17,16,20,42,23,24,16,26,13,19,21,24,34,166,16,15,28,24,27,25,30,17,12,35,26,18,12,15,12,10,21,19,7,18,9,10,12,12,14,7,12,15,15,11,18,13,20,10,7,12,4,16,1,5,16,18,13,15,18,24,31,13,19,15,28,11,26,13,21,15,17,23,19,21,24,20,19,27,18,14,20,22,19,16,42,43,43,36,51,49,41,23,30,39,27,23,16,19,17,76,36,80,42,207,37,39,86
129,44,31,25,26,24,27,18,10,11,21,23,17,14,16,9,14,9,11,16,11,27,30,27,54,31,21,17,23,27,41,27,17,45,24,34,29,17,21,28,33,22,25,33,31,8,23,30,64,24,32,25,32,22,24,25,28,26,126,23,22,29,18,31,21,34,12,14,23,20,18,15,8,19,15,19,20,8,16,13,16,16,14,4,16,14,12,14,17,15,8,13,16,5,18,5,20,4,8,20,19,9,16,22,19,14,20,22,27,15,22,22,26,20,27,19,18,18,16,23,23,19,20,19,18,21,22,16,22,54,29,23,23,32,85,44,24,25,32,16,16,20,20,22,73,32,72,24,148,22,35,68
133,26,43,51,26,25,43,44,60,50,52,41,37,34,9,48,34,42,43,33,42,44,39,43,31,39,51,43,47,23,29,46,53,30,48,21,25,17,22,32,19,17,14,23,24,21,11,12,41,16,17,12,35,14,19,43,18,33,198,26,9,19,18,20,17,27,15,10,7,28,24,14,14,12,15,20,18,4,14,11,13,15,12,7,14,17,18,11,12,14,14,24,11,5,18,4,15,5,2,13,14,21,15,15,27,25,28,17,16,26,21,23,23,22,8,18,25,17,39,21,18,13,25,22,23,17,24,19,13,55,43,33,38,35,33,48,25,11,68,18,19,24,19,23,80,34,99,33,98,34,32,100
136,33,42,28,39,31,38,41,29,29,23,22,13,17,21,45,13,22,20,18,14,31,39,23,48,28,17,37,33,34,40,32,28,33,48,34,30,24,31,36,25,20,27,32,39,24,27,33,55,26,12,22,27,23,21,34,19,28,130,26,36,33,24,25,18,39,15,19,11,29,22,25,13,14,17,22,19,4,12,14,16,20,21,7,16,18,12,16,21,12,15,11,20,4,17,8,16,7,7,16,22,14,19,13,23,18,16,20,19,24,23,16,17,19,33,20,21,23,31,17,22,19,14,16,18,24,23,21,27,53,27,38,32,36,68,50,18,18,43,19,23,20,19,17,99,32,98,30,122,37,57,98
140,23,25,45,37,26,33,27,26,36,40,44,41,32,19,11,33,30,30,35,36,43,34,45,35,44,65,35,38,41,31,38,43,27,29,33,32,21,24,19,28,12,17,31,25,23,21,18,49,24,19,25,24,18,20,26,22,28,156,25,19,20,19,24,31,28,15,16,13,40,15,15,16,12,15,20,19,4,13,11,15,12,16,17,12,19,6,12,12,14,10,8,15,3,12,3,16,3,8,14,11,21,20,14,19,22,19,32,23,19,16,25,24,22,14,30,12,23,15,21,21,17,30,25,17,19,31,16,14,51,43,37,42,23,21,36,23,22,25,23,24,20,17,23,111,36,121,41,128,47,43,89
143,31,26,28,31,28,43,28,27,29,29,29,10,8,17,10,11,14,12,23,12,37,22,38,29,34,42,34,34,33,30,24,28,30,36,28,33,28,34,34,35,14,34,29,29,30,20,37,83,33,32,27,34,27,26,26,34,29,149,24,24,23,36,28,25,34,13,16,10,32,11,20,14,12,22,18,19,4,17,16,26,23,11,16,16,18,15,14,23,16,26,17,18,7,16,5,16,6,3,12,22,13,17,16,15,19,12,17,20,15,17,24,17,24,19,36,21,16,15,21,20,24,21,16,26,25,25,17,19,67,42,31,43,8,58,50,24,15,27,23,28,18,21,22,104,29,136,35,113,34,29,128
147,30,46,49,33,30,39,26,50,33,39,35,44,42,28,50,38,37,41,25,39,38,49,37,32,44,33,44,33,32,43,45,42,28,38,41,22,24,26,33,30,23,23,30,21,23,26,23,54,17,25,27,30,26,21,26,19,30,192,21,21,24,15,22,28,50,16,19,18,36,22,4,18,18,21,18,22,9,19,13,15,20,15,18,19,14,14,17,24,14,21,23,9,5,17,5,18,6,8,15,25,19,12,25,23,24,20,19,19,20,26,24,22,20,29,28,23,25,23,21,15,19,24,19,22,19,18,30,23,54,34,26,39,36,46,52,17,26,36,23,24,19,23,24,148,29,145,40,146,80,32,149
150,30,22,33,33,30,27,18,45,22,24,19,18,12,17,17,13,16,14,12,17,26,27,26,20,34,36,31,27,39,29,32,34,35,31,35,31,28,23,32,23,27,18,26,23,32,32,23,53,19,22,14,21,26,21,24,16,29,119,25,22,31,27,21,19,25,14,13,17,29,9,4,15,16,13,28,17,5,15,8,18,17,16,17,15,15,15,9,10,14,14,13,9,4,16,5,18,6,4,15,12,13,18,22,13,21,8,16,24,10,20,25,15,14,20,28,25,18,25,9,28,21,20,17,18,18,18,22,12,46,22,34,28,26,48,38,21,12,34,15,24,23,12,13,107,29,117,29,112,68,32,102
154,65,51,38,33,25,31,45,22,40,45,50,38,39,35,37,36,37,6,21,36,48,40,40,22,30,25,35,41,31,47,37,36,35,43,29,29,15,21,12,17,23,20,22,16,20,41,17,51,20,20,28,31,20,25,14,24,27,167,22,25,24,27,31,28,45,15,14,18,24,16,16,18,16,14,14,18,5,24,11,10,19,11,7,13,6,3,10,17,14,14,13,10,5,16,2,15,2,6,10,16,9,18,18,17,20,15,27,14,26,16,12,20,26,7,16,22,19,17,21,13,15,15,18,26,16,12,9,30,40,42,37,28,21,48,46,19,21,35,20,20,20,19,14,106,45,116,36,121,34,26,102
157,63,30,24,33,25,10,20,16,21,27,37,6,8,4,7,8,8,9,4,5,25,30,25,24,22,35,30,18,15,30,26,21,28,30,17,25,18,15,21,13,27,24,25,22,21,36,23,80,17,13,26,24,11,24,25,18,28,134,23,4,23,11,19,29,45,15,18,15,19,18,11,11,15,14,23,20,2,28,15,12,14,17,16,17,13,15,19,14,14,17,14,9,4,14,5,17,5,7,16,13,11,16,16,18,18,15,17,18,22,16,20,22,16,25,16,16,15,26,19,22,17,28,19,21,24,25,17,30,44,32,29,28,38,39,36,23,12,32,15,17,20,10,20,100,41,105,33,96,25,44,104
161,24,43,53,23,47,64,47,35,54,40,20,47,43,45,46,38,44,35,42,48,47,42,51,25,53,34,51,56,56,47,49,47,22,45,27,37,23,22,23,24,12,23,34,30,30,21,21,51,22,26,36,40,12,18,21,24,38,169,30,14,24,20,27,26,40,14,14,13,29,15,20,15,9,12,17,17,6,8,6,15,12,20,12,14,16,13,14,13,14,9,14,15,5,9,2,30,6,6,15,15,14,15,31,22,27,15,25,23,22,24,23,27,23,19,13,19,20,27,21,20,19,17,24,18,16,23,21,16,55,47,46,23,57,60,50,13,23,37,23,13,19,22,26,98,50,107,32,114,25,33,106
164,28,29,36,34,29,24,48,27,19,34,20,5,14,18,13,6,18,9,7,9,36,21,20,28,24,36,63,18,32,25,34,28,26,28,32,21,25,27,21,19,18,29,27,24,23,30,21,65,19,24,26,21,26,21,28,21,40,138,19,16,25,25,27,28,43,9,14,18,38,14,13,10,18,22,20,23,4,7,12,10,8,28,15,14,15,17,14,20,14,9,7,15,7,13,6,26,7,6,10,27,19,12,14,16,18,23,18,17,16,20,29,16,17,18,15,14,20,13,23,20,18,19,18,18,18,21,11,13,46,26,26,24,44,55,48,32,26,42,23,16,16,14,21,105,49,109,43,114,34,33,99
168,31,41,35,38,39,46,24,41,50,33,42,52,34,33,43,43,33,44,45,42,38,47,43,21,45,30,32,50,35,42,35,42,40,43,34,29,16,27,19,22,20,22,30,23,25,19,21,46,29,34,33,32,16,20,21,19,19,137,25,23,26,19,28,33,28,19,10,18,29,13,13,14,11,30,19,16,2,11,10,16,15,23,12,11,15,10,18,11,9,14,7,11,7,17,3,17,2,5,17,8,15,13,21,16,23,19,23,20,21,20,16,18,25,28,20,23,17,24,17,21,16,31,15,26,22,24,12,19,50,58,47,42,31,39,53,21,11,41,25,27,12,29,24,94,38,99,32,100,48,43,190
171,31,19,21,33,28,16,28,25,57,17,23,13,16,11,15,10,8,13,13,9,33,25,29,40,27,20,30,20,42,35,19,35,19,31,28,28,25,25,15,19,20,16,25,27,23,24,14,49,37,25,27,29,17,26,9,28,27,137,25,23,25,15,25,29,25,16,9,11,41,14,14,8,19,29,24,22,7,20,14,18,15,8,17,22,16,21,14,12,9,14,17,11,4,14,2,16,7,7,13,17,10,14,22,24,12,18,22,19,24,22,21,12,11,18,19,27,18,23,22,20,21,15,13,13,22,24,12,21,41,26,26,27,25,48,42,16,21,29,14,18,19,18,16,83,30,71,29,73,32,38,170
175,42,57,52,29,40,50,31,60,30,29,41,38,37,42,38,37,46,37,36,43,44,45,42,14,48,32,31,51,32,42,46,35,53,44,28,30,28,16,27,14,21,17,31,29,26,34,26,41,15,23,23,33,16,22,23,10,19,150,23,26,30,14,21,24,40,18,13,23,27,23,10,14,18,14,18,17,1,15,8,13,14,10,18,10,12,14,14,15,14,14,28,13,3,16,6,12,4,5,15,16,18,8,20,17,28,5,21,17,15,22,12,22,25,12,19,10,24,22,22,16,17,30,33,10,21,21,22,19,49,32,29,40,42,44,34,23,21,33,18,18,25,16,13,124,25,118,46,101,32,28,126
178,26,41,32,32,21,23,32,32,11,18,15,17,20,36,18,14,17,20,15,13,32,33,37,25,36,24,29,17,34,39,21,34,59,26,25,28,22,23,27,21,18,16,30,41,24,36,5,49,24,28,30,25,27,18,24,22,25,139,25,30,23,22,28,31,36,18,14,23,38,22,13,15,15,12,19,17,6,13,14,15,11,14,15,18,21,13,14,18,13,10,17,13,6,22,5,11,4,6,12,18,14,12,18,19,20,22,15,4,21,13,25,17,24,4,20,27,14,21,17,24,17,17,21,24,19,15,17,13,53,26,32,32,37,55,56,17,19,39,20,16,20,21,19,95,30,100,68,87,9,20,98
182,47,26,46,35,46,48,29,29,36,33,53,36,13,13,16,37,33,34,36,41,40,38,35,25,40,66,27,17,29,36,56,39,30,49,51,33,25,18,21,17,24,35,23,28,19,22,23,46,31,27,35,28,21,25,20,20,23,158,26,24,22,19,27,34,31,16,15,14,31,12,16,11,12,22,22,21,5,12,9,17,14,27,13,16,16,29,14,18,12,24,12,17,9,13,5,15,5,6,4,34,16,16,24,15,24,19,23,13,17,31,19,23,17,19,21,17,16,22,25,23,23,25,17,16,21,19,18,25,44,43,39,40,43,48,38,25,21,44,21,31,22,8,19,116,32,126,39,101,45,44,131
185,26,28,19,16,17,29,19,23,21,22,28,12,13,12,24,14,16,9,8,7,19,23,26,22,28,68,31,16,27,27,43,45,23,24,19,27,29,25,16,18,16,16,28,21,25,18,13,64,32,28,22,25,19,18,13,19,18,138,20,17,25,21,19,18,26,10,16,10,38,11,15,13,18,12,18,22,3,10,12,17,14,32,16,16,19,24,13,19,13,20,13,12,8,14,5,16,6,7,13,21,6,14,20,18,21,20,9,14,23,20,24,24,12,18,24,22,21,17,21,14,18,16,14,28,19,22,19,14,48,33,27,33,27,44,47,19,18,29,16,16,19,22,24,75,27,94,41,106,29,41,86
189,43,50,50,31,49,41,15,56,41,45,33,42,32,49,20,32,39,41,44,43,53,49,44,40,36,36,29,38,19,44,31,27,28,53,56,31,22,17,16,17,20,27,50,28,22,18,16,50,16,25,29,35,30,11,19,21,17,152,31,26,30,26,28,30,30,16,16,15,32,11,17,16,16,14,18,14,4,15,13,15,17,25,17,19,16,13,15,11,14,14,18,11,3,14,4,19,4,6,21,15,10,15,26,27,18,20,14,20,17,16,21,18,11,14,18,16,19,43,15,24,23,28,23,17,26,21,18,17,49,40,45,34,42,42,55,21,16,34,19,20,17,20,22,112,41,87,31,114,44,38,120
192,28,35,28,7,27,31,16,20,14,19,22,12,18,11,17,9,12,9,6,7,33,23,28,31,21,36,23,32,21,16,23,20,28,22,30,29,26,31,18,12,19,28,60,27,28,18,14,46,21,26,31,26,24,19,16,26,27,132,22,24,28,30,23,29,28,19,20,12,22,15,10,15,17,16,25,22,5,16,15,17,9,22,18,19,14,16,14,17,11,11,13,15,5,22,5,19,6,7,13,13,15,21,19,19,20,28,14,23,24,13,16,12,17,19,19,19,16,35,13,18,17,23,21,21,16,16,16,22,44,34,30,40,31,41,39,20,19,46,28,13,17,23,24,99,27,101,32,104,33,29,97
196,48,33,51,21,42,47,38,56,46,53,44,43,33,37,35,39,38,45,42,45,43,44,40,38,61,28,46,34,48,58,24,42,24,48,45,24,22,15,20,15,15,25,24,24,24,18,14,45,15,35,28,36,28,15,11,29,21,165,20,29,16,19,29,27,27,12,13,15,22,8,14,16,18,12,17,17,5,11,5,14,12,16,15,12,21,19,13,34,15,13,16,15,4,11,5,17,6,4,12,8,22,15,25,12,22,17,22,16,21,20,24,22,20,25,25,20,27,11,25,18,19,14,14,20,16,27,17,24,44,42,41,40,30,52,43,18,19,37,16,16,12,15,18,139,34,106,29,92,43,30,90
199,20,30,27,26,25,61,29,24,25,28,22,13,10,10,10,9,6,9,9,7,27,29,18,36,39,19,26,23,22,28,19,46,34,20,28,32,22,23,36,17,31,24,24,19,23,15,19,53,23,19,28,21,27,17,17,31,24,128,23,20,17,23,22,30,28,10,19,9,18,12,22,17,19,11,22,20,7,13,10,20,13,7,16,16,18,10,15,31,15,16,11,11,6,17,5,14,4,7,13,17,21,20,14,21,18,18,25,22,12,20,20,8,19,31,21,24,15,18,25,22,14,24,13,23,13,19,19,16,43,33,19,26,38,39,43,22,22,16,20,25,22,22,14,134,38,102,31,101,26,31,85
203,48,27,59,16,42,28,33,42,40,35,40,42,40,38,43,39,45,41,39,44,49,41,15,29,31,24,42,62,50,48,36,22,30,53,45,30,31,17,19,11,23,24,25,24,26,12,26,48,17,31,41,32,26,15,17,19,32,150,30,23,12,26,27,31,32,12,19,12,24,17,13,12,12,11,17,18,4,14,11,12,16,12,14,15,13,8,11,18,18,13,15,13,2,21,5,20,4,5,14,17,9,11,21,17,43,12,20,21,23,24,19,8,21,12,12,20,13,22,18,23,20,32,20,14,21,21,27,19,54,27,45,34,44,47,49,23,16,59,15,18,21,14,23,106,29,84,31,107,30,41,97
206,22,45,47,31,32,34,27,23,19,26,23,12,13,14,23,21,15,14,18,10,28,21,34,25,31,26,39,30,33,41,33,26,42,33,34,30,27,21,20,28,29,28,37,35,25,24,22,54,27,34,34,31,24,24,23,33,28,121,22,21,27,30,33,32,31,14,12,19,33,11,17,20,19,20,24,23,9,19,12,17,15,15,19,22,18,11,12,16,15,17,18,15,4,24,7,23,5,9,18,21,12,17,17,22,29,22,20,17,19,25,24,8,20,15,24,24,18,36,16,23,12,22,23,5,21,20,19,19,47,47,29,36,32,49,37,29,19,25,28,12,24,22,25,116,36,107,34,101,28,41,122
210,53,27,27,29,38,50,35,45,43,44,43,41,35,35,31,27,38,38,33,43,43,48,19,46,28,32,32,41,36,37,40,64,25,44,37,30,24,16,22,20,27,27,28,19,26,9,10,45,18,23,19,35,30,22,24,17,32,87,24,29,35,17,13,29,30,12,16,15,31,16,14,16,10,14,17,17,2,13,11,18,12,12,18,9,18,15,8,8,11,12,13,8,5,13,4,17,5,8,15,13,9,20,26,18,14,20,22,38,23,12,18,11,20,29,20,22,21,13,30,14,23,11,10,13,22,22,16,24,40,33,36,53,34,41,50,19,17,35,19,16,12,14,18,106,20,96,41,114,59,25,100
213,38,20,28,29,47,57,14,23,27,38,16,20,11,9,9,10,13,23,14,14,31,28,30,24,32,27,28,19,27,32,43,32,31,29,26,29,24,19,21,21,23,18,44,37,23,21,33,59,20,41,27,29,30,26,26,22,41,111,30,19,22,28,27,42,36,18,19,17,32,20,14,11,16,19,26,18,7,18,13,21,18,19,18,18,15,23,3,24,8,11,18,15,6,13,4,16,7,3,15,16,12,13,25,24,13,21,18,24,20,19,24,14,24,16,16,15,13,25,38,17,12,21,28,15,23,24,11,9,49,30,28,36,32,55,44,23,24,15,18,24,23,26,19,92,25,103,16,103,56,23,129
217,31,64,60,32,28,65,53,51,40,39,52,36,40,43,14,39,42,29,38,40,44,47,39,51,30,21,46,50,45,21,27,39,19,46,49,28,24,17,20,52,26,19,35,27,26,16,25,59,12,24,29,31,17,12,24,27,28,168,20,27,28,29,31,21,34,21,19,16,35,19,16,16,19,15,16,19,4,11,8,21,21,19,16,15,16,15,13,4,8,18,13,21,5,15,5,13,3,5,11,18,14,11,20,16,25,24,23,19,20,15,25,28,21,19,38,11,29,22,17,28,17,24,19,21,14,14,25,26,52,43,45,35,39,52,45,19,17,30,22,19,17,14,19,83,34,198,46,97,23,48,112
220,23,47,26,29,27,53,24,33,21,33,24,17,13,24,20,26,18,14,21,22,34,29,22,35,39,33,32,26,21,32,21,31,30,33,28,25,24,22,16,42,24,16,30,20,27,27,19,59,8,15,30,40,19,14,17,23,25,128,23,26,22,22,39,25,28,16,14,7,37,20,18,13,17,17,19,20,4,19,11,10,21,12,16,14,17,10,13,4,21,14,18,9,4,8,6,8,5,7,14,19,15,18,17,25,19,19,26,14,18,26,19,14,25,21,24,23,14,20,9,14,19,28,18,20,25,24,18,17,44,29,21,24,45,48,58,16,28,27,18,20,25,24,20,83,22,140,25,93,32,25,82
224,54,30,51,27,28,32,35,38,41,27,33,35,37,25,35,21,30,18,26,28,38,38,49,32,27,39,39,41,46,32,47,39,26,40,47,34,19,10,28,22,32,20,22,27,27,23,23,36,28,53,26,28,17,32,11,21,24,155,21,22,23,27,17,27,35,32,10,12,34,12,16,18,18,18,20,26,3,11,12,10,15,19,16,28,16,19,14,5,14,7,15,15,1,17,6,17,6,4,11,13,12,15,20,15,32,15,22,31,26,26,12,22,14,12,13,21,18,20,26,15,21,23,19,25,14,21,15,14,42,46,27,35,40,42,25,23,10,35,18,17,25,17,21,109,34,117,32,124,47,44,126
227,30,30,21,35,34,25,24,25,16,34,27,13,21,14,13,22,12,15,24,24,27,20,17,22,32,28,30,21,30,41,38,39,30,19,33,23,12,17,27,24,22,30,21,28,35,26,21,42,25,49,34,22,16,44,10,30,23,145,28,27,29,22,24,32,26,16,20,11,21,9,22,16,11,14,20,21,6,15,12,11,16,10,20,24,24,14,15,13,15,6,18,10,4,15,5,18,6,10,11,19,11,14,20,18,23,16,11,24,12,11,26,18,12,13,18,23,10,22,15,25,17,14,20,17,15,18,14,29,62,35,26,33,28,51,53,24,18,27,22,22,15,16,21,91,27,115,28,92,31,29,106
231,38,25,48,25,29,19,37,39,47,20,25,40,29,35,39,25,41,37,26,27,49,51,70,47,34,37,40,52,39,35,31,28,36,51,40,33,11,17,30,14,26,21,24,27,18,28,11,42,25,26,25,22,24,15,24,26,35,164,20,29,24,22,24,32,26,10,11,12,27,15,10,11,14,10,18,14,4,17,9,19,14,6,14,15,10,8,10,10,24,14,15,16,7,15,9,14,3,2,14,16,13,12,23,24,21,18,26,15,24,23,18,29,20,28,22,18,28,21,29,25,17,31,16,28,33,28,18,15,35,31,32,30,32,33,50,15,17,41,23,13,23,20,18,111,30,84,33,97,43,27,104
234,33,23,22,30,27,18,24,25,26,20,18,14,16,9,17,11,9,11,11,18,22,39,55,24,26,26,33,25,28,37,30,33,33,25,24,29,26,26,24,25,35,24,41,45,17,21,22,20,25,34,30,33,27,28,25,43,33,130,26,23,25,28,27,36,31,14,18,16,43,21,17,14,20,19,20,13,7,14,11,13,12,16,17,16,22,3,10,8,17,14,20,18,7,20,6,17,6,8,16,20,21,13,19,22,20,18,21,23,22,27,27,10,20,17,26,22,20,22,23,21,23,14,18,21,23,22,19,21,47,37,30,31,36,19,36,30,23,34,20,18,15,21,20,104,30,90,34,90,24,40,99
238,44,35,54,27,34,39,39,48,40,36,27,41,33,42,38,38,42,42,40,34,49,27,18,47,47,45,39,48,43,20,27,37,21,48,48,31,17,10,36,14,20,38,30,17,27,24,19,20,28,27,25,25,17,17,27,12,17,152,22,15,25,28,29,28,29,12,15,10,28,16,7,13,17,16,21,17,5,16,10,13,9,13,16,18,14,13,8,16,6,14,8,18,6,16,1,17,4,6,24,18,18,15,27,12,13,19,24,14,18,10,18,25,13,16,18,20,12,23,16,16,14,26,24,17,18,20,13,13,45,29,36,33,38,26,43,12,16,35,18,19,18,18,25,103,29,110,53,124,33,29,103
241,34,34,28,27,34,34,22,15,26,27,20,8,10,13,18,10,18,13,33,13,29,35,39,36,36,34,27,21,39,35,32,39,27,28,35,31,28,22,37,22,28,31,33,32,18,28,20,20,27,36,19,22,19,19,27,19,36,125,28,17,27,23,31,31,23,8,19,11,37,19,20,14,10,18,19,14,4,12,13,13,6,18,17,14,20,7,18,16,6,7,22,18,4,13,6,21,8,5,25,14,12,14,20,21,17,20,18,17,25,26,29,21,12,27,10,16,27,25,24,23,24,24,25,9,18,18,27,23,48,8,33,37,35,43,48,25,28,40,22,29,25,20,20,97,22,96,43,103,24,27,75
245,38,39,47,36,31,35,40,53,40,37,40,47,41,38,15,40,34,38,17,41,52,34,24,38,35,39,50,48,30,28,27,33,35,50,49,28,25,44,17,14,21,19,37,19,20,26,17,46,30,27,21,26,19,14,22,28,35,174,17,18,26,24,21,30,38,12,16,13,28,8,22,18,18,16,26,17,8,23,12,7,14,17,18,13,15,16,17,20,11,13,12,15,5,17,4,15,6,7,15,18,14,12,27,15,30,24,24,15,12,23,15,24,27,23,26,26,23,17,21,18,19,14,19,15,19,18,16,19,57,30,38,43,32,47,43,17,10,32,14,23,18,23,17,78,72,82,27,215,32,29,101
248,36,26,25,27,32,27,25,30,15,19,46,11,17,7,19,20,17,13,13,14,26,25,28,32,27,32,28,15,32,28,32,37,26,35,47,24,25,31,20,21,27,19,24,19,28,24,24,38,18,33,17,41,16,22,31,16,33,136,30,17,22,25,32,38,32,10,16,15,46,9,11,17,17,15,19,24,4,31,14,18,9,15,21,11,21,17,15,20,7,6,20,12,5,20,4,16,6,10,15,16,14,17,25,19,14,12,14,4,19,17,24,14,24,16,16,18,18,25,20,15,19,5,18,19,23,22,16,26,52,31,31,34,37,47,50,29,17,39,26,13,20,17,21,79,69,74,31,152,17,22,72
252,31,49,47,34,23,51,37,41,45,52,27,44,37,42,39,27,37,46,59,39,45,31,42,35,46,34,45,54,42,28,33,34,28,39,33,35,24,6,28,30,26,28,37,32,27,24,18,45,25,22,20,20,11,23,23,16,31,162,22,12,29,36,24,28,26,16,17,14,27,14,15,12,17,8,18,16,6,15,5,15,17,21,19,12,16,17,25,18,15,12,15,13,3,13,6,18,1,3,15,17,14,14,21,28,36,18,26,14,26,19,21,20,12,18,22,21,17,17,24,27,17,11,11,17,12,20,20,17,34,24,41,27,41,37,53,16,21,35,21,21,24,12,19,128,33,90,20,179,62,23,64
255,28,29,28,34,33,40,26,18,26,24,24,9,9,4,4,9,3,20,13,12,26,34,31,31,28,30,23,19,25,25,33,27,25,27,34,24,19,19,21,35,29,23,33,33,24,29,14,60,30,28,26,31,23,21,27,15,24,139,21,16,23,17,23,42,32,19,12,17,36,15,23,19,14,11,14,20,4,13,14,10,16,32,19,18,17,18,22,14,16,11,24,17,3,20,5,15,7,4,15,15,14,14,15,19,25,14,22,16,19,21,16,16,19,24,22,13,15,29,17,17,18,17,20,23,18,20,12,11,43,32,23,44,29,45,32,15,22,15,17,18,17,29,18,130,30,79,26,160,66,26,69
259,44,26,46,32,29,24,36,56,37,48,20,43,37,46,47,38,47,27,36,38,47,66,38,36,43,45,44,51,44,35,25,41,36,44,29,35,31,19,31,29,20,31,35,26,26,19,20,39,26,14,32,51,17,28,26,22,25,155,23,19,30,27,27,26,34,16,16,22,29,17,10,14,22,7,19,22,4,15,8,17,10,18,14,13,14,12,14,11,15,14,17,16,4,13,6,18,3,3,15,19,17,15,18,17,16,28,19,21,27,21,34,23,26,13,20,25,19,20,23,22,17,27,20,21,22,30,27,26,55,55,44,34,47,55,49,24,19,25,17,23,19,17,22,108,71,118,22,98,28,53,101
262,31,30,23,30,38,31,24,18,21,23,23,10,14,14,9,10,12,8,9,9,28,71,27,28,27,34,25,14,22,26,27,30,32,25,31,25,27,23,32,19,31,33,41,43,23,27,22,62,24,29,24,45,21,29,22,21,29,149,32,20,24,19,19,42,32,13,21,24,36,20,13,14,20,16,21,17,3,14,12,22,12,16,14,17,15,14,14,18,17,19,12,11,4,15,4,18,7,6,8,21,17,19,21,13,23,23,20,22,15,13,16,18,12,23,14,25,10,20,21,22,15,23,22,17,21,15,12,31,44,18,23,28,32,29,39,20,18,28,22,19,28,21,21,115,46,91,19,112,27,39,104
266,48,23,55,25,34,26,37,48,51,47,38,45,38,37,45,41,41,66,40,44,46,28,44,46,49,36,48,58,46,35,47,44,25,56,27,27,20,19,38,17,33,19,21,22,27,28,16,37,25,14,30,40,19,24,33,24,44,200,22,31,37,28,29,34,34,25,29,13,35,11,17,14,12,12,16,27,9,12,12,13,15,18,14,16,17,17,14,15,13,14,11,10,2,11,6,18,5,9,10,13,8,8,23,20,13,11,22,23,17,22,16,25,31,25,30,18,19,20,24,13,28,20,16,22,25,37,22,17,50,49,43,51,37,26,52,28,20,41,26,19,13,23,21,102,49,98,69,123,38,41,97
269,34,42,32,24,26,29,27,19,34,18,21,13,12,13,7,17,10,8,19,13,32,25,31,27,23,31,32,17,24,28,32,41,22,28,36,31,27,21,43,16,25,21,20,29,20,18,15,47,29,25,29,62,27,22,20,27,46,121,22,26,26,16,20,30,39,23,28,15,32,14,16,16,18,19,22,16,5,11,13,22,13,15,18,19,19,13,9,17,15,12,14,21,4,7,7,20,7,6,16,19,16,9,22,15,28,26,23,24,19,18,19,15,20,12,18,20,22,22,20,21,18,21,14,20,14,25,18,19,46,30,31,28,31,49,52,21,18,28,13,21,20,19,25,111,29,91,54,108,30,30,116
273,35,29,46,40,42,31,40,21,35,45,45,41,38,40,48,30,47,42,30,41,42,41,43,42,56,41,42,51,52,45,36,32,31,42,37,34,26,30,12,30,20,29,30,35,30,39,19,40,26,36,29,19,28,23,33,27,17,161,25,24,14,23,34,38,35,6,13,12,32,11,15,13,17,14,17,20,3,13,9,12,15,18,16,13,17,13,8,16,12,11,16,14,6,13,4,20,7,3,27,14,12,13,11,22,15,14,20,17,25,23,19,19,15,21,17,15,13,28,18,27,9,22,31,25,16,14,19,12,47,55,40,29,35,45,52,17,28,40,29,11,34,16,7,146,45,117,33,116,35,38,112
276,28,36,24,22,30,38,30,28,37,21,20,8,18,6,8,8,7,4,8,9,31,32,38,42,38,34,30,27,20,40,25,30,37,28,27,25,29,26,25,14,32,24,33,37,22,31,24,66,29,33,31,43,23,31,23,24,26,128,10,19,28,13,19,32,34,27,12,13,47,19,21,18,11,19,25,20,5,20,11,15,16,20,18,17,20,16,13,22,17,9,25,19,5,19,6,22,10,3,20,19,14,16,31,19,24,25,18,22,26,28,30,22,18,26,22,23,20,21,27,19,22,27,19,24,24,16,22,17,47,48,24,30,42,40,31,24,19,42,22,31,32,13,23,123,30,109,41,115,39,31,106
280,42,31,43,44,36,31,30,22,18,47,45,45,29,44,45,41,41,50,42,40,43,24,63,29,24,28,41,42,47,50,43,33,31,49,53,35,21,20,22,14,16,27,12,32,26,14,19,40,23,21,29,25,25,21,24,26,25,152,16,21,32,15,24,39,15,7,17,11,24,29,15,11,8,12,18,13,5,13,10,11,35,12,16,16,14,13,12,17,11,14,17,16,5,16,5,14,5,2,10,16,15,8,14,14,18,11,17,17,13,16,13,20,15,17,14,18,21,20,14,14,20,12,19,13,27,21,15,18,52,31,43,39,33,63,47,13,19,22,10,15,14,21,21,104,37,90,28,98,30,43,117
283,24,36,17,18,23,21,30,17,13,20,19,4,10,8,4,14,10,7,9,6,18,26,47,27,24,31,21,20,22,43,24,20,22,31,27,24,24,21,18,15,26,24,30,27,22,22,23,36,22,21,29,27,28,24,28,27,27,145,12,10,33,24,23,27,26,13,11,20,35,36,13,16,19,16,22,17,4,11,12,18,33,8,27,16,19,12,9,12,15,14,9,7,4,14,8,14,5,6,9,19,11,12,28,13,15,8,24,20,19,19,22,20,4,27,8,27,20,19,23,22,12,23,11,21,18,24,15,24,40,29,27,31,31,34,40,23,9,41,21,19,12,20,18,83,27,91,28,80,33,24,86
287,49,22,53,47,42,44,30,47,29,45,41,50,44,38,49,30,41,42,42,47,56,27,21,39,49,41,50,49,43,21,47,66,44,37,42,24,27,24,9,18,31,26,25,23,28,24,24,33,37,20,29,19,26,29,26,23,24,155,20,13,31,25,27,28,22,11,7,12,29,17,13,13,13,15,14,16,5,8,9,12,13,9,11,13,17,13,19,10,9,6,32,9,5,14,2,13,2,5,12,15,9,12,20,16,22,8,22,15,22,35,17,23,12,17,15,11,12,21,26,20,9,29,18,22,10,19,17,16,47,22,42,37,52,37,47,27,17,34,15,20,23,18,18,146,39,147,43,61,35,41,49
290,22,24,31,35,32,33,28,26,33,23,25,8,28,10,13,14,13,28,10,17,28,27,20,32,34,32,40,32,31,43,32,52,20,29,28,32,25,25,15,25,24,28,25,27,21,27,25,41,32,25,28,30,24,20,24,22,28,136,24,25,27,26,25,36,25,17,17,19,40,16,19,20,21,18,23,22,5,7,12,11,8,16,16,19,19,9,11,22,14,10,29,15,6,15,6,14,3,7,14,18,8,17,18,23,28,21,9,26,19,28,5,18,14,20,16,19,23,24,17,25,25,21,21,25,20,22,22,19,55,28,25,29,26,55,52,15,21,41,24,13,18,19,25,122,35,133,34,66,19,29,55
294,48,21,44,28,35,39,38,45,23,48,39,45,18,42,41,10,38,24,41,33,48,19,29,39,34,54,57,40,56,23,37,28,46,45,46,32,22,20,28,15,24,25,24,23,29,25,22,21,12,28,32,20,27,24,30,30,31,156,22,20,32,29,25,19,31,13,16,16,30,16,16,21,16,22,20,17,4,15,9,9,7,13,22,19,9,15,17,12,15,16,12,13,4,15,5,11,5,6,19,15,19,12,27,18,15,27,13,20,18,17,17,29,25,21,24,30,25,30,12,19,21,27,19,18,19,19,12,25,48,46,39,46,37,43,38,31,20,40,22,28,21,19,22,106,31,104,41,97,36,33,186
297,28,18,26,26,32,25,15,21,28,20,21,13,8,16,14,6,6,21,13,9,37,20,15,23,32,40,49,30,33,36,15,40,33,26,29,22,22,25,40,14,27,23,32,21,21,28,23,40,23,17,21,21,21,25,27,28,28,129,21,26,19,19,23,21,29,18,26,14,38,15,15,13,13,18,19,22,7,15,10,14,16,16,12,16,16,14,17,20,16,11,13,12,6,16,0,20,6,10,14,22,8,18,18,23,18,16,20,18,19,11,18,22,13,19,16,17,18,25,18,21,17,23,14,21,25,21,22,14,34,25,25,25,30,46,43,13,20,31,26,14,8,12,17,81,20,77,30,78,40,17,135
301,44,35,47,40,37,46,25,46,26,47,43,43,43,31,39,40,48,53,35,43,32,50,56,45,41,19,29,36,35,37,58,37,31,49,61,33,26,26,22,9,29,26,24,26,29,25,20,33,31,20,39,20,32,28,19,19,24,166,26,27,26,28,32,20,24,15,8,22,35,14,15,9,13,15,20,23,4,14,10,13,21,17,15,11,12,11,10,14,13,18,10,22,5,8,5,15,3,2,9,19,10,13,15,15,24,17,17,12,20,18,15,23,24,15,16,15,14,13,23,10,16,12,20,24,18,17,13,21,47,36,36,34,36,39,41,16,16,31,10,19,8,14,22,173,24,81,71,93,30,36,100
304,30,27,32,27,23,34,31,24,16,15,23,11,13,8,13,7,8,13,11,10,22,29,19,22,36,19,27,26,52,15,28,31,25,24,72,32,27,22,29,11,22,30,34,26,21,20,25,50,22,31,30,23,24,23,26,26,36,132,24,21,27,26,19,33,31,21,7,37,41,11,15,16,12,14,21,18,11,15,12,12,12,13,20,17,16,13,12,16,18,10,14,15,5,15,5,18,4,7,15,25,16,13,26,8,25,10,29,28,20,27,20,23,17,17,22,8,21,25,21,25,19,24,21,23,19,20,8,19,55,35,40,7,39,53,49,5,18,31,23,4,16,22,15,162,26,79,55,59,21,33,84
308,39,46,43,38,46,32,19,48,47,53,46,46,21,44,45,41,43,38,41,46,58,39,51,48,35,41,30,46,28,61,38,24,39,50,58,35,25,25,39,14,27,24,24,26,29,29,21,23,10,17,31,16,25,25,29,24,27,146,25,29,27,24,25,30,23,15,16,18,23,8,16,16,8,13,18,20,3,14,9,16,16,14,14,14,15,13,11,16,11,14,9,18,6,18,5,14,8,2,16,15,14,14,19,17,19,26,14,10,20,16,44,12,24,22,21,13,16,22,18,17,14,26,13,17,26,42,18,17,52,40,34,16,37,48,59,5,27,43,15,10,25,9,28,106,26,106,24,116,30,28,111
311,32,36,42,30,34,33,23,27,36,28,34,34,18,17,14,17,18,20,10,29,34,29,35,27,37,42,25,19,34,39,27,34,33,39,52,28,23,27,49,20,28,33,27,25,23,32,23,45,20,33,33,32,25,28,28,28,25,143,23,23,21,29,28,32,34,17,15,10,44,16,21,22,13,18,27,13,6,16,13,24,15,19,18,20,19,19,17,19,11,18,11,20,8,13,8,21,7,6,21,11,14,16,20,18,16,16,18,21,18,27,30,17,27,14,16,19,26,20,23,22,22,15,4,25,12,33,18,19,42,32,27,34,15,42,43,31,37,39,27,23,21,19,26,103,40,116,37,104,33,43,95
315,43,40,35,41,37,43,35,48,23,45,31,20,28,31,41,32,38,34,38,19,44,43,36,44,38,29,45,52,31,34,44,27,35,35,28,53,27,28,32,15,20,47,32,27,28,13,25,31,17,22,39,22,25,23,23,21,28,157,26,22,29,22,26,21,39,23,27,23,41,13,12,16,18,12,22,27,1,15,10,32,14,14,16,15,15,16,17,13,13,17,16,15,3,16,8,19,4,7,16,14,13,27,23,18,30,24,28,26,24,20,17,25,31,32,24,19,21,15,21,17,18,31,17,23,20,13,18,22,46,51,48,39,35,69,39,19,19,44,21,17,23,22,15,99,30,159,76,142,22,34,114
318,26,25,27,26,24,18,16,15,20,15,20,10,3,6,8,7,18,13,13,18,35,24,32,23,34,31,26,20,31,14,22,24,31,23,41,56,22,20,31,11,27,32,32,26,19,25,24,41,25,16,35,19,30,24,22,25,20,119,23,21,18,23,21,25,31,7,9,9,28,14,14,11,16,10,19,17,6,18,6,23,15,17,17,14,14,15,10,15,12,7,16,12,4,9,2,13,4,6,12,15,13,22,16,16,18,14,16,12,17,15,17,16,25,15,14,17,15,22,19,20,22,13,13,12,12,15,16,16,39,21,20,22,24,40,18,16,12,21,18,15,14,22,16,67,24,93,51,82,20,13,83
322,46,43,66,34,43,61,47,50,25,51,40,41,48,49,42,39,33,36,41,35,24,47,39,51,38,32,52,50,29,66,51,30,38,55,23,20,31,22,16,16,28,40,22,20,28,26,22,27,39,24,79,16,32,27,27,28,13,177,25,22,33,42,30,28,30,16,26,16,30,15,14,11,15,14,17,16,3,14,15,16,11,16,14,21,17,11,19,16,22,13,17,14,3,15,2,21,5,4,11,12,11,19,25,26,23,20,20,20,26,19,23,22,20,28,27,23,20,27,24,23,20,29,25,24,21,24,20,21,48,44,49,50,27,70,20,22,23,38,22,24,20,20,20,115,25,94,23,108,40,36,100
325,20,23,65,22,26,41,21,20,29,30,25,7,10,15,12,8,10,11,17,6,28,30,25,32,28,19,40,21,22,24,35,25,22,24,30,27,21,24,17,28,26,36,21,21,24,21,24,37,33,24,57,22,20,21,21,19,37,107,23,30,18,45,23,23,20,15,25,12,32,11,20,14,16,18,25,22,6,16,7,15,11,19,15,20,21,19,8,18,14,8,16,10,7,12,7,18,3,6,21,18,19,15,22,11,20,20,25,12,17,18,19,21,10,22,20,16,25,24,21,26,17,18,12,19,18,18,6,16,53,23,20,22,40,35,38,24,9,37,23,19,22,13,18,124,44,80,37,103,28,27,116
329,51,47,29,44,42,46,36,54,36,35,42,45,39,30,13,41,39,40,29,45,34,39,44,38,45,39,27,46,25,43,32,27,42,46,29,29,28,29,30,23,37,19,18,15,31,31,23,42,19,28,41,19,31,28,17,31,39,138,23,24,26,26,23,30,38,16,11,10,30,29,14,14,17,17,25,34,4,13,10,14,14,12,13,11,12,14,13,13,17,13,12,13,4,12,3,10,3,5,14,26,13,15,17,16,23,22,19,24,28,23,14,17,22,18,18,26,14,19,27,21,24,20,24,27,15,27,17,14,46,51,46,44,35,43,39,21,24,40,20,23,21,18,19,127,20,95,30,114,40,84,130
332,32,25,33,33,30,47,23,24,16,24,22,11,18,11,18,13,12,8,8,11,40,23,21,29,33,37,30,23,45,33,23,22,25,22,28,40,22,26,27,25,24,26,29,24,19,28,21,44,18,33,37,26,22,22,14,18,57,127,23,19,31,17,27,33,30,16,11,10,44,15,17,17,22,13,20,26,7,16,9,19,14,16,7,14,20,13,12,21,17,12,13,18,8,20,5,18,6,7,13,16,15,9,22,8,17,20,22,23,20,18,27,20,24,18,19,14,16,22,15,16,12,22,17,25,21,21,22,4,52,22,23,33,29,55,53,20,17,29,20,21,24,22,23,103,23,96,18,105,30,61,97
336,39,47,30,35,37,25,41,42,50,47,37,43,31,39,21,33,39,44,14,42,30,50,48,41,36,26,28,47,25,43,60,47,40,52,19,30,28,17,20,20,17,22,13,20,30,16,30,39,31,26,21,16,25,29,14,36,15,150,24,28,21,12,22,26,29,15,19,7,34,5,12,14,16,17,17,18,2,15,7,12,11,16,10,11,19,13,14,13,9,17,15,10,3,23,6,18,2,5,9,13,9,11,23,13,24,17,26,14,16,21,18,20,18,8,21,17,16,17,20,13,21,25,13,12,18,33,17,13,33,30,39,35,44,42,42,23,21,40,17,14,12,20,18,120,32,152,43,123,29,30,99
339,28,28,29,33,26,33,25,20,21,32,25,10,7,18,9,16,13,12,17,5,32,35,25,44,32,26,26,23,36,27,59,29,28,32,29,42,25,28,18,25,25,29,21,22,22,29,21,54,22,57,23,34,26,28,25,44,19,123,26,23,24,18,14,23,26,23,34,20,34,12,9,12,17,17,19,20,5,16,11,22,19,20,21,14,20,17,13,17,11,12,17,13,8,22,5,17,6,6,13,18,18,12,24,17,16,12,18,18,16,19,9,17,16,4,20,25,21,27,15,24,17,18,23,26,26,25,15,21,53,35,36,35,40,37,47,14,14,38,24,23,26,19,19,98,40,118,44,109,37,45,106
343,50,46,47,39,44,46,36,34,46,36,44,51,49,35,49,36,43,45,36,49,40,35,48,28,47,24,32,51,22,45,35,39,41,44,38,35,26,21,25,29,32,20,22,30,27,25,23,45,13,20,41,38,31,24,30,19,18,174,43,30,26,43,17,18,40,14,10,14,42,16,11,19,28,19,15,19,5,12,8,21,11,26,14,15,14,12,10,13,11,13,13,10,4,20,4,16,4,6,12,9,11,17,26,19,29,16,21,18,27,23,16,29,28,17,20,25,25,29,23,30,19,24,27,20,22,14,38,18,55,29,37,27,39,35,60,25,22,41,14,21,19,15,27,107,50,146,39,112,41,29,110
346,35,28,36,33,33,26,23,33,17,22,21,9,13,8,8,13,9,15,5,13,42,42,33,37,60,43,32,24,32,31,32,33,40,30,37,50,26,24,22,40,25,29,24,28,20,32,22,46,35,29,31,27,31,32,29,29,28,140,24,16,25,35,27,22,38,17,15,17,43,9,27,12,9,24,24,19,7,15,12,22,18,10,20,18,15,20,15,23,17,13,14,10,6,9,6,17,10,7,15,17,17,16,23,16,13,22,15,27,17,24,12,11,19,18,20,10,16,22,28,10,26,32,19,23,23,28,25,17,44,31,22,7,26,36,36,25,21,29,23,25,28,23,15,117,35,126,40,95,27,35,114
350,34,45,34,28,32,32,40,22,40,44,41,45,34,39,48,31,40,34,62,37,29,28,36,29,22,27,27,48,37,43,32,53,28,42,34,32,28,24,15,15,21,16,21,17,24,20,16,46,21,18,20,24,16,20,28,29,42,150,10,23,23,15,32,13,29,8,17,16,27,12,19,10,11,13,28,19,4,17,12,12,16,8,24,16,16,12,12,9,12,12,15,21,5,13,7,17,1,6,19,11,17,11,16,23,24,8,25,12,17,8,28,26,14,16,27,29,17,19,14,23,15,10,7,17,20,15,14,16,46,39,49,27,33,41,40,18,14,51,9,17,19,27,19,108,44,99,42,132,44,42,102
353,22,40,20,16,27,28,30,31,22,14,23,19,11,15,13,3,15,23,16,10,46,31,34,20,19,26,27,34,21,34,23,72,24,31,39,45,19,20,24,20,20,21,16,19,33,25,25,43,20,22,38,29,26,22,15,21,34,125,18,27,27,24,20,22,33,13,16,19,38,17,7,16,19,15,20,15,6,14,13,8,14,17,28,15,22,21,16,15,17,16,19,15,7,16,3,20,5,5,13,18,14,14,13,18,22,8,18,21,15,4,18,20,23,15,18,10,17,13,25,15,12,30,21,16,16,16,13,17,37,32,31,30,40,50,40,19,32,30,4,15,15,19,15,104,38,90,34,105,32,24,108
357,46,32,53,47,43,23,28,13,47,57,40,31,41,35,37,49,40,28,38,42,26,36,33,49,18,38,41,30,49,38,27,33,37,44,31,26,24,23,18,32,12,14,15,16,21,21,25,50,19,27,21,27,25,25,30,35,29,96,26,23,26,20,26,15,18,29,12,10,47,13,13,11,13,8,21,19,4,13,8,16,11,15,23,16,11,7,12,17,8,13,8,12,4,14,6,17,8,9,13,16,6,10,22,17,18,18,22,18,30,15,21,16,15,22,15,26,21,13,22,21,8,15,15,24,21,17,21,21,28,33,19,20,25,46,50,21,17,29,17,27,23,18,27,85,30,120,28,98,26,41,85
